{"inputUnits":[34],"outputUnits":4,"inputs":{"leftAnklex":{"dtype":"number","min":-13.20399561,"max":3286.928032},"leftAnkley":{"dtype":"number","min":-0.109771973,"max":2477.03755},"leftEarx":{"dtype":"number","min":-15.27394989,"max":3305.150161},"leftEary":{"dtype":"number","min":3.745748631,"max":2444.429171},"leftElbowx":{"dtype":"number","min":-13.15226703,"max":3220.589663},"leftElbowy":{"dtype":"number","min":-2.971282131,"max":2425.50861},"leftEyex":{"dtype":"number","min":-17.30810511,"max":3414.85438},"leftEyey":{"dtype":"number","min":11.77542635,"max":2357.959273},"leftHipx":{"dtype":"number","min":-16.36021425,"max":3070.950894},"leftHipy":{"dtype":"number","min":-3.207408059,"max":2267.474792},"leftKneex":{"dtype":"number","min":78.2240337,"max":3458.687201},"leftKneey":{"dtype":"number","min":36.04673726,"max":2453.662862},"leftShoulderx":{"dtype":"number","min":73.80773908,"max":2910.521756},"leftShouldery":{"dtype":"number","min":47.33029347,"max":2077.267441},"leftWristx":{"dtype":"number","min":57.86237902,"max":3813.870672},"leftWristy":{"dtype":"number","min":37.50570204,"max":2255.489429},"nosex":{"dtype":"number","min":-17.06107359,"max":2665.919886},"nosey":{"dtype":"number","min":52.83131925,"max":2319.482399},"rightAnklex":{"dtype":"number","min":-26.54995477,"max":4620.175905},"rightAnkley":{"dtype":"number","min":30.5028718,"max":2740.489391},"rightEarx":{"dtype":"number","min":-22.71785766,"max":3107.076713},"rightEary":{"dtype":"number","min":32.50962476,"max":2741.74845},"rightElbowx":{"dtype":"number","min":50.37507903,"max":3416.540856},"rightElbowy":{"dtype":"number","min":61.33961416,"max":3073.437348},"rightEyex":{"dtype":"number","min":23.81663541,"max":3419.055798},"rightEyey":{"dtype":"number","min":60.40091079,"max":3155.152956},"rightHipx":{"dtype":"number","min":57.80113309,"max":4062.765621},"rightHipy":{"dtype":"number","min":25.31268465,"max":3714.292353},"rightKneex":{"dtype":"number","min":58.87854146,"max":2762.785889},"rightKneey":{"dtype":"number","min":25.76996152,"max":3859.962343},"rightShoulderx":{"dtype":"number","min":44.56422858,"max":4092.354888},"rightShouldery":{"dtype":"number","min":108.6245757,"max":4627.521739},"rightWristx":{"dtype":"number","min":23.56827138,"max":3571.071365},"rightWristy":{"dtype":"number","min":107.3820953,"max":4612.478592}},"outputs":{"yogapose":{"dtype":"string","min":0,"max":1,"uniqueValues":["goddess","plank","tree","warrior2"],"legend":{"goddess":[1,0,0,0],"plank":[0,1,0,0],"tree":[0,0,1,0],"warrior2":[0,0,0,1]}}},"isNormalized":true}